[{"id":1,"marca":"BMW","modelo":"3 Series","anio":2001},
{"id":2,"marca":"Mercedes-Benz","modelo":"SL-Class","anio":2006},
{"id":3,"marca":"Chevrolet","modelo":"Express","anio":2009},
{"id":4,"marca":"Toyota","modelo":"Sienna","anio":2006},
{"id":5,"marca":"Chevrolet","modelo":"G-Series G10","anio":1995},
{"id":6,"marca":"Toyota","modelo":"Venza","anio":2009},
{"id":7,"marca":"Lincoln","modelo":"Navigator","anio":2009},
{"id":8,"marca":"Toyota","modelo":"Tacoma","anio":2002},
{"id":9,"marca":"BMW","modelo":"3 Series","anio":2003},
{"id":10,"marca":"Chrysler","modelo":"Imperial","anio":1926},
{"id":11,"marca":"Mercedes-Benz","modelo":"E-Class","anio":2006},
{"id":12,"marca":"Honda","modelo":"CR-V","anio":1997},
{"id":13,"marca":"Pontiac","modelo":"Parisienne","anio":1985},
{"id":14,"marca":"Aston Martin","modelo":"Vanquish S","anio":2005},
{"id":15,"marca":"Lincoln","modelo":"Navigator","anio":2007},
{"id":16,"marca":"Nissan","modelo":"240SX","anio":1992},
{"id":17,"marca":"Ford","modelo":"F250","anio":2007},
{"id":18,"marca":"Volkswagen","modelo":"GTI","anio":1988},
{"id":19,"marca":"Mercury","modelo":"Sable","anio":1992},
{"id":20,"marca":"Mercury","modelo":"Mountaineer","anio":1998},
{"id":21,"marca":"Suzuki","modelo":"SX4","anio":2012},
{"id":22,"marca":"Hummer","modelo":"H3T","anio":2010},
{"id":23,"marca":"Honda","modelo":"Odyssey","anio":1998},
{"id":24,"marca":"Chevrolet","modelo":"Camaro","anio":2012},
{"id":25,"marca":"Eagle","modelo":"Talon","anio":1996},
{"id":26,"marca":"Mitsubishi","modelo":"Truck","anio":1989},
{"id":27,"marca":"Oldsmobile","modelo":"Bravada","anio":1993},
{"id":28,"marca":"Mazda","modelo":"GLC","anio":1984},
{"id":29,"marca":"Mitsubishi","modelo":"Galant","anio":1986},
{"id":30,"marca":"Toyota","modelo":"RAV4","anio":2008},
{"id":31,"marca":"Land Rover","modelo":"LR2","anio":2009},
{"id":32,"marca":"GMC","modelo":"Jimmy","anio":1994},
{"id":33,"marca":"Mercury","modelo":"Grand Marquis","anio":1998},
{"id":34,"marca":"Lexus","modelo":"SC","anio":1995},
{"id":35,"marca":"Bentley","modelo":"Continental","anio":2012},
{"id":36,"marca":"Suzuki","modelo":"Swift","anio":2005},
{"id":37,"marca":"Dodge","modelo":"Dakota Club","anio":2007},
{"id":38,"marca":"Cadillac","modelo":"Escalade","anio":2005},
{"id":39,"marca":"Isuzu","modelo":"Hombre","anio":2000},
{"id":40,"marca":"BMW","modelo":"X3","anio":2010},
{"id":41,"marca":"Buick","modelo":"Rendezvous","anio":2007},
{"id":42,"marca":"GMC","modelo":"Jimmy","anio":1995},
{"id":43,"marca":"Infiniti","modelo":"J","anio":1996},
{"id":44,"marca":"Toyota","modelo":"Yaris","anio":2011},
{"id":45,"marca":"Ford","modelo":"Thunderbird","anio":1993},
{"id":46,"marca":"Ford","modelo":"Torino","anio":1970},
{"id":47,"marca":"Dodge","modelo":"Caravan","anio":2006},
{"id":48,"marca":"Mercedes-Benz","modelo":"E-Class","anio":1996},
{"id":49,"marca":"Chevrolet","modelo":"Camaro","anio":2001},
{"id":50,"marca":"Chevrolet","modelo":"Corvette","anio":2004}]